Book-Title,Book-Subtitle,Date,star
娱乐至死,2025-01-07,5
啊哈C语言,2025-02-25,2
以色列一个民族的重生,2025-02-22,3
微信背后的产品观,2025-02-18,3
怎样读书好,2025-02-14,4
阅读的方法,2025-02-13,2
被讨厌的勇气,2025-02-12,4
高效休息法,世界精英这样放松大脑,2025-02-10,3
科学休息,迅速回复精力的高效休息法,2025-02-10,3
深度休息,在焦虑时代至于自己的10个心理学方法,2025-02-10,3
隐形疲劳,即使休息也无法消除疲惫感的真面目,2025-02-10,3
斯科特杨四维习惯高效全能,2025-02-09,3
如何高效学习,1年完成麻省理工4年33门课程的整体性学习法,2025-02-09,3
薄世宁医学通识讲义,2025-02-08,3
学习究竟是什么,2025-02-08,3
把时间当朋友,2025-02-02,3
焦虑的一代,2025-01-31,2
Headspace冥想正念手册,2025-01-31,2
十分钟冥想,2025-01-31,2
奥尔特曼传,2025-01-27,2
认知觉醒,2025-01-17,2
RefactoringUI,2025-01-17,3
乡土中国,2025-01-16,2
写给大家看的UI设计书,2025-01-15,3
你的第一本哲学书,2025-01-08,3
乌合之众,2025-01-07,4
激活你的学习脑,2025-01-07,3
不要因为走的太远而忘记为什么出发,2024-01-03,3
卓有成效的管理者,2024-12-16,3
这样装修不后悔,2024-12-20,3
装修，做好三件事就够了,2024-12-20,3
住宅精细化设计2,2024-12-20,3
住宅精细化设计,2024-12-20,3
小家大变局,2024-12-20,3
装修常用数据手册,2024-12-20,3
小家，越住越大,2024-12-20,3
小家，越住越大2,2024-12-20,3
小家，越住越大3,2024-12-20,3
格局,2024-12-15,3
超越百岁,2024-11-27,2
薛兆丰经济学讲义,2024-11-23,3
论持久战,2024-11-22,3
矛盾论,2024-11-21,3
一课经济学,2024-11-20,4
埃隆马斯克传,2024-11-06,4
从0到1,2024-10-31,3
相对论,2024-10-31,3
前方的路,2024-10-08,3
未来世界的幸存者,2024-10-08,3
如何变得有思想,2024-10-08,3
黑客,2024-10-07,3
阅读是一座随身携带的避难所,2024-09-03,3
巴菲特致股东的信,2024-08-25,3
左耳听风,2024-08-23,4
论民主,2024-08-15,3
我看见的世界,2024-08-14,3
献给阿尔吉侬的花束,2024-08-12,3
出奇制胜,2024-07-31,3
如何阅读一本书,2024-07-30,3
天才程序员,2024-07-18,3
时间贫困,2024-06-04,3
白银时代,2024-05-30,3
置身事内,2024-05-30,3
写作这回事,2024-05-22,3
沉默的大多数,2024-05-12,3
我们唱,2024-05-11,2
有钱人和你想的不一样,2024-05-08,3
简约至上,2024-04-09,3
李光耀观天下,2024-03-06,3
宇宙超度指南,2024-02-28,3
你是你吃出来的系列,2024-02-27,3
李诞脱口秀工作手册,2024-02-24,4
上帝掷骰子吗,2024-02-22,4
黑客与画家,2024-02-21,4
精力管理,2024-02-20,4
暗时间,2024-02-16,3
牛津通识读本民主,2024-02-15,3
工作消费主义和新穷人,2024-01-28,3
禅与摩托车维修艺术,2024-01-25,3
我们被偷走的注意力,2024-01-17,3
我还能看到多少次满月升起,2023-12-28,3
邓小平时代,2023-12-27,4
九败一胜,2023-11-12,3
硬派健身,2023-10-17,3
重来,2023-10-09,3
重来2,2023-10-09,3
重来3,2023-10-09,3
"你有你的计划,世界另有计划",2023-10-08,3
超级个体,2023-09-26,3
了不起的JavaScript工程师,2023-09-18,3
东京八平米,2023-09-16,3
潜规则,2023-09-10,3
血酬定律,2023-09-09,3
我想重新解释历史,2023-09-08,3
金榜题名之后,2023-08-31,4
秦制两千年,2023-08-21,3
老婆使用说明书,2023-08-20,3
网道TypeScript,2023-08-16,3
疯狂的程序员,2023-08-09,2
置身事内,2023-07-30,3
网络是怎样连接的,2023-07-23,3
光环效应,2023-07-23,3
YOU身体使用手册12,2023-07-18,2
我在北京送快递,2023-07-10,4
悉达多,2023-07-03,3
海子的诗,2023-07-02,3
写给大家看的设计书,2023-07-02,3
人体系统优化指南,2023-06-28,3
人体系统优化指南,2023-07-02,3
稀缺,我们是如何陷入贫穷与忙碌的,2023-03-21,3
